game,Classification,score,game_duration,score_per_minute
D,No,445.2017673031837,4.833124060419278,92.1146988444079
E,Low,527.7020458797363,2.10070956060294,251.2018109387176
C,Low,297.93105657054554,3.1562803737493734,94.39308974209746
E,No,354.2578942234023,2.992085255837003,118.39832890199598
E,Low,680.0620861916639,5.414534658797888,125.59935969504873
B,High,401.46585815429063,5.138688674072501,78.12612976145175
C,Low,342.96335259770905,3.556524893325493,96.43215298207137
C,Low,580.497912879093,5.353641744278796,108.43047417198692
C,Low,677.8556231994496,3.906639830825469,173.5137234435608
E,Low,607.84299659976,4.456689779347894,136.3888955018763
D,No,649.4071528708724,8.346904180597074,77.80215740111909
C,No,386.48073671458087,7.680922103580696,50.31697125718944
E,Low,286.7283999887234,2.4008375261448047,119.4284897942026
B,High,725.200047793323,6.6594648357583495,108.89764653449673
D,No,451.5980241736796,6.622793108983184,68.18845413744394
B,No,462.3750475317429,2.7034734224947634,171.02999559176857
D,High,699.2291212773587,6.637555287509722,105.34437620325954
E,No,583.434501410099,8.075863836825105,72.2442221907826
A,No,568.3831658122411,2.7549103875111722,206.31638995914022
D,Low,824.7503517351627,3.164994357971473,260.58509382739203
B,Low,403.47226544297854,7.035322933687005,57.34950182756297
E,High,639.1760192121856,5.542990621651296,115.3124843321078
D,High,508.55196873456265,6.1029525504790465,83.32884198725161
A,High,540.2888418294885,5.681178432800993,95.10154419901045
A,No,729.2702639618798,5.781391841856288,126.14095081431564
C,High,576.1753634434435,2.347055743377834,245.48857225445522
C,High,580.7444118574449,7.094635413242896,81.85683661396092
B,High,660.8761005964703,7.339179984855547,90.04767589297349
D,Low,445.2570905685672,4.541218511863945,98.04793347982087
D,No,374.11854989914906,4.913046100372275,76.14798279031028
C,High,343.2786208968449,1.9377849948885557,177.15000467148693
D,High,205.04651159359975,6.0285095120356695,34.01280385877021
D,Low,808.4310694910483,6.144114883428288,131.57811740654833
A,Low,334.51874514174756,4.875617966001378,68.61053254672764
C,High,466.8119564621342,7.248706719741005,64.39934384306464
E,Low,458.4780050166619,4.331845538040119,105.83895501133073
C,High,546.1110046713651,6.1292118517872005,89.09971100315713
E,High,622.3605818808945,2.960671322615769,210.2092782562016
A,Low,629.0710232539618,4.952895698251524,127.01075523880648
B,Low,412.53838421465923,4.651291484194329,88.6932985422471
D,No,474.9317429320383,5.4506158440818835,87.13359306869975
A,High,542.3869925732449,4.260946142333283,127.29261869436239
D,Low,462.69633107246796,4.737054808656664,97.67595051400293
B,Low,741.1018364029989,6.652094342883013,111.40879822245664
B,High,573.6462427457377,4.126471525523565,139.01616409989737
A,Low,610.2316679074726,1.7868457985226414,341.51333506898595
B,High,599.4321903001119,8.499167808410842,70.52833922244824
E,No,676.0210786227988,7.7629081573809735,87.08348275124676
B,High,527.153233805556,2.4154746097887627,218.24002275546854
D,Low,305.475207806623,6.379415610490389,47.88451269804335
D,High,559.9531927628963,3.9940504588973136,140.19682488375207
D,No,402.2964659312256,5.526974430662119,72.78782830971616
D,Low,420.70749773753647,5.588448258026988,75.28163066254604
E,Low,587.954602813264,4.531184399367356,129.75737709887824
C,High,685.7424607150454,3.432468668827207,199.7811274849443
A,Low,503.19073651040924,3.618917895367481,139.04452962432103
D,High,546.3249518898446,3.1676161690375153,172.47195453477124
B,No,755.3322416952857,3.3363555835391105,226.39440634623568
D,High,536.1129769232853,4.865643419901289,110.18336747211976
B,High,890.2524671270592,3.5684800217784964,249.4766572024595
B,High,584.8264468447317,6.36410413142524,91.89454395582932
D,Low,235.88558612662735,7.974492310671854,29.58001298853267
E,Low,613.0012431656799,3.839893517259914,159.6401672104459
B,High,557.1737577324167,5.478809001070754,101.69614557169726
B,Low,693.4629131124118,5.999370220605868,115.5892848103613
D,Low,600.9772026904938,5.944004541838549,101.10645078757032
B,Low,479.2316024024339,5.151910535832175,93.0201716565765
B,Low,316.3552645565951,6.4853648367194445,48.77987168361374
D,Low,468.6465114070962,5.9644979053613145,78.57266761479511
D,Low,372.421931868605,2.5246751553454043,147.51281212558746
A,High,412.9214825292916,6.738312128778547,61.27966093552598
E,High,588.2867606630914,6.774581674533485,86.83735600598577
E,No,750.4856756527109,3.4734277916428367,216.0648560071985
B,No,559.2007294734472,5.075875670895204,110.16832675391831
E,High,320.6175406947224,6.366657985622139,50.358844690381495
B,High,566.6904002330211,4.581372360841277,123.69446436546797
A,Low,679.4947229968477,7.145956095532023,95.08800696686322
D,Low,408.53256435209266,9.727744989238722,41.99663589084933
D,High,479.89742499906237,3.4280279347300353,139.99227373182282
D,High,502.2032292093796,2.2379107936924503,224.40717057392948
E,Low,382.265253037664,5.607637191209752,68.16868495645255
A,Low,597.2420650765789,6.443125010252287,92.69447110311356
E,High,481.85777770883277,4.538267252310462,106.17659800962929
E,High,562.9298665860541,7.906521326642069,71.19817215811301
A,High,366.876173329685,2.3227884005535024,157.94644628079823
A,Low,434.3812549514884,6.385837246063222,68.02260035976931
A,High,608.3572036741657,3.7882783584822133,160.58936173790198
A,High,444.07502718623493,8.438755812414593,52.62328204033802
D,Low,759.0445776850108,8.985030706336236,84.47879617703846
C,High,440.0545721578096,3.466686824433304,126.93808077969227
C,Low,533.7027088627829,3.90088572818284,136.8157762240831
A,High,639.8886247809635,6.719175773959604,95.23320215269167
C,High,287.2451400600453,4.225738700420971,67.97513060413077
C,High,235.87867820288363,4.909177564135524,48.04851222455638
A,Low,271.1515528144858,5.05077684108482,53.68511841759516
C,No,689.3876155140773,1.1606536876046873,593.9649551597162
E,No,417.221278116133,4.972324507811526,83.90869852936551
B,High,883.7298928502378,3.6205444518716523,244.08756876148578
B,Low,415.3628602013917,4.013754355200456,103.48487312464032
A,High,527.6826954795555,7.887264006937628,66.90313586757162
D,High,731.3164928851813,2.4869862114414873,294.05731705335893
A,No,800.9139332238684,6.626410373495954,120.86693821851591
D,High,809.2255364954597,4.442074139336383,182.17290191747063
B,High,681.2549345889713,4.440479663008331,153.4192218611436
A,High,653.6093788717194,6.580743792103423,99.3215052158723
E,High,588.8790423801775,5.680102589137781,103.67401523808871
C,High,616.7541614249957,6.141225994439062,100.42850759497735
D,Low,417.32214255072,6.9363693210657225,60.164348700885135
C,Low,377.2701674866539,4.337383233633354,86.98105451258937
C,No,499.4938313883572,3.775526530984499,132.29779403989784
A,No,474.4723066212607,2.829698946884404,167.6758961032484
C,High,432.01579260090875,3.3491789400420897,128.99155295520865
E,High,604.4581171185073,10.898188850617451,55.46408907056707
C,High,643.2957812855766,7.4893591614735735,85.89463629876238
A,Low,513.2610329437771,2.2978512675839573,223.3656460643939
E,High,721.6295121582893,2.3550840865128597,306.41348064425
B,Low,328.74663287997424,5.963732123436983,55.12431243986072
C,Low,470.9510811080423,6.094529594755934,77.27439399314335
A,Low,392.47665190957923,6.097767670634729,64.36398910369203
B,Low,220.01950743904098,4.490088412892605,49.0011525847216
B,High,487.5978971235951,4.7490914799942,102.67182663834275
D,No,481.7378737425075,5.655759048318715,85.17652000852361
E,Low,727.0174614863197,5.171786012586661,140.5737707857528
C,High,594.6217526832166,0.5613992545049298,1059.1780233259913
A,No,346.37197635061926,4.540400738849613,76.28665315528481
D,Low,778.1138849501283,3.297187131479373,235.99324330766945
E,No,683.155054328803,5.350422837817024,127.68244212405664
D,Low,587.3146555202924,10.97051800520682,53.53572686736775
E,Low,466.0273851725252,5.7349633309486086,81.26074366641863
E,High,356.08411449147803,4.372940627655204,81.4289844777546
C,High,444.168983589342,6.843603003954504,64.90279803382569
E,Low,663.3122929556279,5.965375774418425,111.1937148704258
D,Low,782.6879458901914,5.840188980903682,134.01757176855637
E,High,731.4865292408283,6.213701186431342,117.72154908867387
C,High,426.6725867320589,9.113087129659082,46.81976378163089
C,No,332.05738500664836,2.7382231293481687,121.26746774127727
D,No,521.1329370366806,5.947264153622909,87.62565838263983
B,Low,234.73409516557223,3.147237740036923,74.58416381433528
B,High,548.4751571277172,6.111025292684497,89.75174064232665
E,High,477.8596120551997,3.162626977027811,151.09578699170046
A,High,430.0945247197637,4.165266372789831,103.25738769779879
E,No,260.7945399099807,4.409820171524188,59.139495436577185
D,High,577.0400159854574,6.951633438689418,83.00783133557255
D,Low,420.0948740507133,6.836908887884828,61.44514735235566
D,High,324.5124746434568,2.508565247107231,129.36178360027532
D,Low,69.16066800775258,5.109868221999697,13.534726337949909
D,Low,495.87276424240457,3.580840290501655,138.47944169912577
C,No,765.8377395004616,2.482990178649331,308.4336563574542
B,High,749.1888821821805,4.5659658991512595,164.0811383022906
D,High,431.4355615120592,4.38303442308836,98.43307623581528
A,High,409.66819094573293,9.853432972691046,41.5761889364991
A,No,570.3161384112535,5.865919650721392,97.22535806318382
A,No,350.2421841217563,2.2447649984915254,156.02621403893852
A,Low,545.2687849729199,3.8704519916581157,140.87987298334238
C,Low,614.9120417577035,7.042766590858797,87.31114879709807
A,Low,684.0399835826461,9.17688554573985,74.53944807017837
D,High,484.97688852800707,1.8280333755240834,265.29979978564006
E,No,469.4489374734551,1.24015122972191,378.5416860641454
A,Low,368.30261198651584,8.741930350743564,42.13058182912531
C,High,375.967946894021,5.779228354741807,65.05504261404423
C,Low,466.028166214771,3.263414536247267,142.8038519282554
A,High,555.1048260224267,6.06925817224487,91.46172567859425
E,High,637.0376939349874,0.1,6370.376939349873
A,Low,379.52315739794824,5.006751013194322,75.80228303700115
C,High,723.9032853439282,5.655642345686171,127.99665203300628
B,Low,459.33145984361465,6.848540279075659,67.06998004334001
D,High,496.7949058477346,2.9722080954149246,167.14674407021332
C,High,387.9182481278265,5.171374322806718,75.01260282339942
A,High,136.36396095905877,3.1491507478808254,43.301820673660316
D,High,632.6068094541574,5.510767511348634,114.79468298225149
A,Low,610.526584563865,3.2093073552739515,190.2362463229233
A,High,457.800866432268,4.183798321679559,109.42230749031104
B,Low,510.0486075837308,3.008369210419542,169.54322156242264
D,Low,577.3908826556149,6.3022724836473145,91.6162993830856
D,Low,265.61812146701857,6.716902233313331,39.54473539151005
B,No,420.6420983980558,4.5307588600851725,92.84142268170685
C,Low,619.1397019432741,5.076475989920056,121.96249980747456
A,High,311.85658652461257,2.1028171707329117,148.3041849120524
E,High,544.0336898249944,4.400646703986426,123.6258501124776
A,High,296.51272930648923,4.8995907659165105,60.51785617875455
A,Low,569.9644973650289,10.241586182059951,55.651974921953794
C,High,494.65377765537744,2.7760659484516728,178.18516809057306
A,Low,257.7302276141736,7.928354477504875,32.50740470111821
B,Low,674.7109031685757,6.993717546931616,96.4738565206418
B,High,389.8112634802926,5.561272808980273,70.09389340706868
D,Low,378.46213444784286,8.517240968390267,44.4348276457618
E,High,530.0853795846414,5.744210945213726,92.2816701267433
A,High,672.2956024143073,5.778318391335858,116.34796784863268
A,Low,347.6267271532405,4.89375869396491,71.03470949271393
C,Low,509.25197747719574,7.4471377648372545,68.38224208523482
B,Low,564.3224750495859,7.192938467621767,78.45506778485905
E,Low,603.9658410894716,3.748645425007575,161.11575585686424
D,High,526.4662332915838,2.3615056108024652,222.93668534316328
B,No,444.94582413750163,4.594038725208685,96.85286754244542
D,Low,375.86146690269203,3.399922871204707,110.54999808554824
C,Low,512.9215824569562,4.87295085076929,105.25892794013745
C,High,339.17914820215896,7.474876269368279,45.37588797183179
A,Low,61.79742747580889,4.08539668982642,15.126420313038079
E,High,565.4839706236502,4.91435323737685,115.06783157604079
D,High,635.5902261629293,5.1160454696167905,124.23467108288567
B,No,145.56013466872423,6.696861764410569,21.735574032941958
C,High,348.5403942935094,0.5062213320307896,688.5138421474312
A,No,592.8731391507797,3.7865994104694067,156.57139160576904
A,Low,808.6243204567547,5.4225673845589455,149.12204185038922
D,High,503.11905615131116,7.4001579128537225,67.98761081536075
C,Low,390.79955881562984,4.01619510498759,97.30591980710992
E,No,472.565533834274,1.2468945879162519,378.99397303825174
C,Low,706.2314628722277,6.239422891932272,113.18858732678665
D,No,403.1053731313197,3.7292752223487415,108.09214903625139
D,Low,380.12119900246194,2.6206666818192774,145.04751849578224
C,Low,427.58847167269516,3.751309220573552,113.98379779721799
D,No,357.00070876119315,4.630949284688301,77.09017888439737
C,High,518.4005473992194,3.7905106709235747,136.76271943403046
B,Low,743.7017687704341,0.5888678858018617,1262.934839378675
C,High,548.4618909674043,6.794132393774264,80.7258173935471
C,No,462.14697468105686,7.549750082557445,61.21354609456245
D,No,456.2283096626684,6.303043982679012,72.38221895902994
D,High,265.5213786955014,2.724628659150367,97.45231806315219
A,Low,632.4664665720738,4.597016932104964,137.5819310464164
A,No,488.3244204480797,4.986957369541084,97.92031177780389
B,High,472.9280129614061,6.19758877912382,76.30838860339263
A,Low,978.966135176729,6.336680977436162,154.49193965463311
C,No,544.812936254853,3.5316524024430085,154.26573008090503
D,High,387.23134248572234,5.163991112827121,74.98683363800862
A,Low,436.0463605691685,5.914560809230482,73.72421632535394
A,High,672.2668563795132,7.911644644293533,84.97182148649739
B,No,516.9905615806647,6.409013079649446,80.66617358330349
B,No,284.25830325239497,6.578113374751037,43.212740045416645
C,No,637.8843401862805,5.167653255858722,123.43791438852675
D,Low,399.7783871691509,7.820918290407008,51.11655336682287
B,No,780.9946664326319,5.819525591918994,134.20246274320414
A,No,662.0072098571973,3.277824179652859,201.96544218772215
D,High,432.9017156511873,7.806739940250381,55.45230390206941
D,No,692.152454260267,6.395806545078055,108.21972950275028
A,High,510.1783265791105,4.113911957743035,124.01294238173327
B,Low,627.9160512683329,4.041014065201513,155.385762369778
A,High,572.7099225941712,5.593151090281523,102.39485995457788
D,High,373.04650175136896,5.926369590535169,62.9468844378438
E,High,403.4675251523807,5.394584531262413,74.79121382086552
E,Low,654.4941226371742,5.62261734688577,116.40381734312446
C,High,449.78370018401887,8.39991474915276,53.546222029144445
A,Low,439.4527305137005,7.143086304469771,61.521408503592326
A,High,356.73161309759706,5.381271182530049,66.2913280147827
C,High,563.5398598390192,6.882621161534967,81.87866898565984
C,Low,809.3787378864718,2.934952192944921,275.77237538385384
C,Low,339.8700628618591,5.795854099893618,58.64020332535585
D,High,503.6329185009137,8.61861269946622,58.435497227077555
A,Low,711.8330833123143,4.563908209215253,155.97007009803806
D,No,488.0537913131427,3.3047321427618304,147.68331296746683
C,Low,567.8557694374601,3.6958222228138786,153.64802071164377
A,High,340.64097077796805,2.8207339253152233,120.76324098519879
D,High,564.2460645811473,3.4304761837445934,164.48039116401475
D,No,471.9283602493177,4.258983802819942,110.80773773707388
C,High,647.8594993519795,2.188865961642716,295.97952122466614
A,No,678.1079077347126,5.031236667899206,134.7795686220137
C,Low,888.4345463027921,6.804554347573294,130.5646925459026
A,No,586.9449759820363,3.184487639706159,184.31378682826204
E,Low,548.8694474873249,8.038567847283538,68.27950673736039
B,No,529.1576452366004,6.021584177055189,87.876816079881
B,High,447.02505607839674,7.061161171248115,63.30758429627823
B,Low,550.7725765192537,3.684330892295726,149.49052965654352
C,Low,455.6897884791456,6.709050454133232,67.92165174408693
E,Low,525.2691464404421,2.816132199209374,186.52148027280498
A,Low,697.639630341194,6.780495001673017,102.88918879359967
D,No,349.0186152080538,5.343678679587063,65.31429678609054
A,No,670.9817841693568,6.106502439969567,109.87988472378319
D,Low,697.5672601009798,2.6488107887502967,263.35110951057794
A,Low,482.2897209513382,3.2098603154467904,150.2525572936674
E,Low,181.7217651487108,6.194456436506769,29.336192289244494
D,Low,408.8267019358351,3.1033039915515985,131.73917316795922
C,High,694.5491819841664,5.926412584198246,117.19554994130202
A,High,496.5697906551677,2.2657243870795085,219.1660174939637
A,High,350.10466515576337,6.696348425333336,52.28292241055775
D,High,424.2837618157674,2.534953370462982,167.37339895852858
C,High,626.0930039756829,6.104599875359046,102.56085849342564
C,High,582.0100352302069,6.251261867292001,93.10280829466022
E,High,464.1601851245459,3.6064563631408504,128.702565174062
C,High,444.9763382277969,6.164053134169453,72.18891994313627
C,No,441.2362776434267,5.520884526667112,79.92130165232697
C,Low,361.6384723252246,3.9223162876145237,92.20023216056502
B,High,742.3063534204163,2.982890631847584,248.85470003324806
E,Low,451.651929618299,1.074748616654842,420.2396007952696
A,High,682.5737781238245,5.699300094599387,119.76449156811836
D,No,728.1974077883677,1.8703944572758897,389.32825370373524
A,Low,649.746634722194,5.1906883988826165,125.17542660855214
E,High,435.25695309229275,4.473103567835501,97.30536002387042
D,Low,560.5595135504914,6.358285550876391,88.16205391612633
E,No,496.37065904136256,4.3959090010202715,112.91650007453681
C,No,364.44472089048077,4.341104427305817,83.95207417681564
D,Low,548.6538922582405,6.463741408576591,84.88178248131092
C,Low,323.1440313260296,5.670116058168235,56.9907261175926
A,High,678.1519082692346,5.632311914365556,120.40382680859109
A,No,430.30740540524107,5.938535179617053,72.46019302574705
D,High,530.1739483809259,1.9288557535857884,274.86448760894643
D,No,542.4931807319214,6.513577359973964,83.28651841391346
E,Low,461.1642539443884,6.224937588027204,74.08335383657071
E,Low,588.0040702212912,2.9666337428470055,198.20581884739101
C,Low,428.76445150662136,4.511839052651597,95.03097218298102
D,High,630.6945946185866,4.921385424744738,128.15387135651937
A,High,298.1030479629877,4.731006431196534,63.010493073372025
E,High,518.9569369319618,5.66771993313707,91.56361694899775
E,High,790.8393498587427,7.862733563662367,100.58071324120758
A,Low,349.9503013091638,7.163533455345657,48.851632157593926
E,High,398.33825442127227,2.3755616131371875,167.6817188063682
C,High,577.0861774488372,6.244139980612097,92.42044208500704
D,No,526.9372672909396,7.65786663907082,68.80992998787407
A,No,552.5945148910339,5.773617041378405,95.71028194816093
D,No,573.3780695221495,7.181960850371934,79.83586675948754
E,No,595.2082202842655,9.02454089140153,65.95440448958156
E,High,666.4549762934334,7.047419092213962,94.56724051358569
A,High,561.4727985392769,5.498617191283458,102.11163625453638
C,Low,463.8113518072186,7.090176948169507,65.4160474693036
B,Low,600.8860551804097,5.2897756661937825,113.59386353954262
A,High,784.9822902342823,5.047806086569911,155.50959699557202
B,No,480.104938042614,4.297171528572535,111.7258026239643
B,High,353.8206042994038,8.126826717664215,43.537362932859196
C,High,666.062100393046,3.363142668115997,198.04753057537346
B,Low,481.94282540696025,8.064735449356231,59.75928515366631
B,Low,174.09956809789458,5.999728247480743,29.01790896462655
C,Low,627.1132515725633,2.201387650396117,284.87179505150795
B,High,419.7007721069116,5.735298585982843,73.17853914923744
B,No,486.42000765437587,0.799946984696752,608.0653055261787
B,High,549.7970495853522,6.251016033662071,87.95322978291277
A,High,528.57495196686,6.770462965977982,78.07072494495334
A,No,606.417772570856,3.815288088695893,158.94416318588833
A,No,434.6770444145235,5.247095391911165,82.84146026478086
C,No,576.9658697264124,8.908314867500572,64.7671168237785
E,No,461.0679983624124,3.988506591476127,115.59915667376983
B,Low,610.8215721331254,2.882184825886799,211.93004926225925
B,Low,592.305122601958,7.963326804925197,74.37910525480711
C,High,359.6841946933107,8.92517438106159,40.29996270510164
B,Low,662.8973174262549,5.007391343695694,132.38376470431908
A,High,419.60548323289277,7.0229260708167125,59.74795676356819
E,High,621.2086697421718,7.682951831061763,80.85546849723285
D,Low,555.0930970102011,3.515031534923232,157.91980569594642
B,Low,775.7275515192684,4.029388329264263,192.5174463541742
A,High,466.4801026442222,7.4617490263094695,62.51618769265148
D,High,447.60248058227035,8.370028557417019,53.47681641846153
E,Low,497.0870591168401,6.125761720348709,81.14697923453402
D,High,454.5230325748587,3.240371292995891,140.26881226769189
A,No,619.9912852913075,8.974122223398883,69.08656577851804
D,Low,257.5534087345118,3.938058204376071,65.40111785252738
C,Low,341.9476371280469,4.329724437657097,78.976766778507
D,Low,339.82956176312103,5.684675668979243,59.77993847873151
B,No,642.5461387960363,8.10832084142955,79.24527795113141
B,High,756.5920058872888,6.707951953104447,112.79031382106683
C,Low,484.3326172193793,5.829731000723821,83.07975396450445
A,Low,474.6767415214984,5.9265770602362124,80.09289961085555
B,High,510.5078244669772,5.087029337286932,100.35480250232773
E,No,674.2817453912286,6.116279029037012,110.24378420115866
B,Low,360.8970298714139,0.1,3608.970298714139
B,Low,535.7553474102177,4.406785081860403,121.57510236102529
A,No,646.2796444673645,5.482643869833562,117.8773708106968
D,No,575.1641254909767,2.697971832760986,213.18388817365044
B,Low,528.4372424898115,5.77264663562312,91.54158843342576
C,No,650.1569138850712,4.591057558027757,141.61375797788256
D,Low,94.5151560501144,8.510951396630979,11.105122288388086
E,Low,601.6812979296361,8.146039450429713,73.86181979488164
A,Low,401.88864753088643,4.068388861763674,98.78324348687381
E,Low,225.4050654715315,4.698324576866609,47.97562658428718
D,High,576.6803899287471,4.852104868783215,118.85159235508526
D,No,706.0487817744437,4.096681047680755,172.34653456220556
D,No,479.38272280584624,5.390049968056253,88.93845616401958
E,High,642.9311820804409,3.4834358622248196,184.56811249276458
D,No,741.8417386982968,2.7387693301249474,270.86681982978564
E,High,697.237168037607,6.245422447800538,111.63971274403613
D,High,745.9946794057089,6.259059168443621,119.18639196874824
C,Low,611.3191236607838,3.3913684806800153,180.25735839185663
D,High,511.31504583523895,6.790710861525199,75.29624751544748
E,No,259.70512821542474,3.7368445416693374,69.49851012517857
B,No,463.0906267805077,5.506330476075963,84.10149532298415
D,Low,373.51301070257125,6.640688025224912,56.246131317081534
B,High,825.6414076246721,4.932774870592574,167.37869237593804
C,High,473.6171281351495,5.909481824282269,80.14528891332571
A,Low,518.4807210176729,3.9671407122248565,130.6938066048325
C,No,582.7228064060702,4.607066833143806,126.48455677132586
D,Low,506.5403669558681,4.588281138239319,110.39872049999208
B,High,754.257656064613,3.506843306919522,215.08165322823257
B,Low,406.6025957398322,4.646451673768436,87.50819427119173
E,Low,529.1911182855864,1.9027634022725066,278.11714144468164
B,Low,388.62941214529275,4.01769250571579,96.72950620098655
E,High,301.9966233168941,4.430249013260658,68.16696362054488
A,Low,408.2346363642072,4.48764049500924,90.96865865663926
D,Low,494.4444804427382,4.517005108258442,109.46290043789084
E,No,435.604666322411,4.876471600279742,89.32783824628903
A,High,396.1368530189216,5.958883036172128,66.47837365060825
B,Low,289.0523804492249,6.749034148265045,42.82870320392894
B,No,487.53416410569577,3.7004695463034656,131.74927073584797
A,High,274.2919438953497,2.593598289221711,105.75729673914128
B,No,614.0083945534404,2.915911175513794,210.57170729669087
A,Low,512.3659629401755,4.025594157610145,127.2771031753358
E,High,281.3672750802604,4.296157364366982,65.49277673438262
E,High,453.6186384425205,3.4600078676050856,131.10335461650317
A,Low,387.1765391614125,2.407766671500211,160.80318070030174
E,High,547.876176562877,4.087758345051624,134.0285139962103
E,Low,701.0675669034717,5.362853240227943,130.72659934913185
E,High,218.7241295531383,6.190058931671129,35.334741069111175
C,Low,517.2539118721126,3.8851538937833574,133.13601623342942
D,High,475.9800806650039,4.174004355713132,114.03439960801919
B,No,600.7010114675699,3.1466033823053783,190.90458455792498
C,No,531.9794942356534,4.937121659250447,107.75093889754753
E,No,387.2046002391771,3.3031427316183706,117.22309076528059
A,Low,452.1419096500073,6.1462556264824,73.56379837211152
E,High,380.59612147947666,1.4282670161317776,266.4740676503597
D,Low,661.4010707897897,4.280740655095075,154.50622312346087
E,High,503.19674730079134,5.6022146783834845,89.82103974744297
A,High,785.178602862951,5.367669032645009,146.2792504693683
D,High,490.9008779278069,10.386067327960994,47.26532790772705
E,Low,393.7389849634306,5.699600049135815,69.08186216033353
D,Low,272.9428411080759,2.9918908063159795,91.22754096903692
B,Low,229.52904856160825,4.809071505821854,47.72835011576367
B,Low,262.3796085491765,1.4475073330670964,181.2630599896342
E,High,540.0689976517225,4.838800501406478,111.61216452191869
D,No,576.3087534844901,3.3338878859984824,172.863867409833
A,Low,262.82139469517995,6.8307805511203235,38.47604131449873
E,Low,634.2557471114173,3.90091945080893,162.59134676054188
B,High,427.5408422474841,4.7664681684095065,89.69761826609398
B,Low,522.0189517978324,3.728884317191193,139.99333510862215
E,Low,741.8330942383136,8.477702703706662,87.50402322010723
D,High,634.5258973798298,4.357514467764177,145.6164751887565
B,High,459.7204028141251,8.665114086958404,53.054166188767915
D,Low,366.3211661877069,6.628303524236533,55.266202709071145
B,Low,177.22768980060425,5.9641334546707725,29.715580837952164
B,High,392.127002113637,5.737466294635039,68.3449770293736
C,No,468.3304641758458,5.787594596432503,80.91970789808371
B,High,351.92307092732244,1.14465484130878,307.4490739277696
A,Low,480.3114549361543,4.442233211698487,108.12387194604474
E,No,511.5277824438152,6.690315942368644,76.45794112717398
E,Low,466.2716027287882,4.902205633051789,95.11465606115718
D,Low,402.499612876481,2.18962030639285,183.8216478452163
B,High,525.2982007950092,4.895191098845061,107.30902842974702
A,High,566.2910974354113,8.408211032510982,67.34977217458078
D,No,336.44013838357307,7.4937834310694384,44.895898243960815
C,Low,711.6398569619405,4.875991981267936,145.9477086295142
D,No,485.21178015736075,6.902898554116173,70.29101997566381
D,High,502.82744344172716,4.266985959263897,117.8413634921992
B,High,606.2321634884836,1.5922568263465622,380.7376758933325
C,High,534.9824196895253,3.1510680237408915,169.77812464181707
D,Low,642.9704950869868,8.125777537016395,79.12725793414612
A,High,543.0686247802736,4.452013836341392,121.9826902484563
A,No,408.1343938039343,4.513232041249964,90.4306248988916
E,Low,554.2255287809153,4.400323607450239,125.95108410721194
C,No,328.44106890190073,8.808273179146013,37.28779321689294
C,High,516.2839558664784,8.251917830724127,62.56532923100777
E,No,495.01550140333086,9.437560466896269,52.45163759635509
D,Low,468.78247140911907,4.681909579199897,100.12634022061367
C,Low,480.7193732841604,5.59124897749419,85.97710014688036
A,No,217.7226431753541,1.9667149011584177,110.70371361253883
A,Low,417.6912638388558,7.953868852236549,52.51422566785284
B,Low,513.9267351711673,2.66444089746413,192.88351851238087
C,High,523.97845879961,5.433551127525258,96.43388761821755
D,High,345.8487288611063,2.805394944734312,123.27987170229262
E,No,689.8561761297051,3.822266346522608,180.48354394698768
E,Low,370.07377276782483,3.3254751379005993,111.28448038900557
D,Low,645.4185800790106,3.7842494786483645,170.55391927002057
B,Low,564.0791542807527,3.921754593702043,143.83336356298506
E,High,403.06590352342954,3.903462410149846,103.25855898480566
C,High,766.2966338914268,6.666667823560614,114.94447513692889
B,Low,320.95447523652797,2.79027441387496,115.02613278484188
C,Low,637.8731260415002,5.441082854027734,117.23275369154099
A,High,650.0873477064467,7.435918304611117,87.4252945064389
B,Low,399.40696863850326,3.9736072709732078,100.51495817317682
E,High,708.8697950096494,3.564162218504796,198.8881963142036
B,Low,462.4930228101571,4.538950749639499,101.89425889824649
B,High,543.3040443919786,7.359450416721421,73.82399685138668
B,Low,539.0482758156832,5.388215261906716,100.0420825104399
B,High,479.85368877941784,3.9375714107848028,121.86539333994645
C,Low,621.6212409739674,5.96775330237608,104.16336089604557
A,High,619.0233080828319,2.7954157003271534,221.44230928172377
D,High,237.7202040142729,6.362719020885896,37.361417852013616
B,High,695.6510364317229,5.817214615403535,119.58490143885919
E,Low,250.62620179464886,4.384383057722232,57.1633907199828
B,Low,654.8819306512486,3.3228284031055377,197.08569062404533
E,High,669.0057705241375,3.2266381554330854,207.3383311970233
C,Low,336.35503546772026,6.06963467269182,55.41602643418245
E,No,438.3778568068123,7.457961004978124,58.77985370454457
D,Low,334.1442997271096,3.7253845059424107,89.69390923114422
A,High,467.7618454566897,5.916773407102968,79.05691384009246
E,Low,453.79485737213884,0.8259459627958625,549.4243907144044
E,High,616.9490798404009,3.830764538685601,161.05116187905574
A,High,696.5463119179412,4.937882134258196,141.06175339533118
D,No,709.3525716184934,3.1806331660363325,223.02244068670143
B,High,415.67479601325465,3.1269872504208083,132.93140096983637
E,Low,468.61671893832084,3.6644408870622276,127.88218813757686
A,Low,247.48427116685747,5.584385456652746,44.3171899733437
C,Low,379.1194900255717,4.6253419631872505,81.96572124676516
A,Low,644.7277449646186,0.5235375333500558,1231.4833300280893
C,High,742.3374235322348,0.7585996947298677,978.5627765070169
D,High,314.8476692180117,3.786269644285649,83.15511012090467
B,Low,411.13036112706584,5.915373172107104,69.50201604620285
A,High,496.0391364561609,0.1,4960.3913645616085
E,High,542.0241738229411,4.000539647696739,135.4877645407176
D,High,378.5594720117531,3.9475042869651578,95.89843214655245
A,High,563.6091566696134,7.776675556416896,72.47430506529919
E,High,428.9240979393626,4.229956376574273,101.40154170732526
A,High,497.83215936825815,5.765977969481857,86.33958749117357
C,Low,581.9426372005549,5.282514280174927,110.16394965264236
A,Low,500.96334047164066,0.7388670403855988,678.0155468975835
A,No,434.5421164210147,6.536414433263475,66.48019657530472
A,High,483.5585294111254,5.430793010912576,89.04013252566764
D,High,486.7455561191997,6.016537279349179,80.90127818037088
A,High,444.49834551768083,12.852475412872653,34.5846485784742
E,Low,461.18059059993465,0.8317741210028231,554.454122765824
C,Low,739.7970755757076,8.449393299522217,87.55623621136685
C,High,584.1379171911858,4.425104961199289,132.0054376818382
A,No,455.6779522956259,5.574657808806019,81.74097279582136
D,High,604.5431606766103,4.908975509397516,123.15057582163546
D,Low,449.9270765365985,4.151527333203913,108.37627707231555
E,Low,675.9686956379962,3.8603341435224827,175.10626554756928
A,No,555.446328829714,5.659017471146019,98.15243223082496
C,Low,483.90467839936565,1.9656526066566418,246.18016263943716
D,No,567.1575388715416,6.501158335043531,87.2394594382301
A,High,264.3685771897251,4.167611190229492,63.43407892979755
D,No,330.9848796635292,2.7398613219192844,120.80351549751902
D,High,320.9112490401417,4.099974284008373,78.27152728538586
C,No,521.441464214556,7.514298433725146,69.39323328898665
B,Low,759.8772499227638,3.929329825967554,193.3859674749122
E,No,834.6950219288949,5.716907236419241,146.00464681524244
E,Low,595.7076652161136,3.5380874485690534,168.36996650748188
C,Low,575.1266712416685,6.515843699847239,88.26587894598394
D,Low,229.84133987708918,6.371015477580408,36.07609190181698
A,Low,418.59893003989674,8.697217666592824,48.13021199271478
D,High,381.83243721376414,4.648872109001569,82.13442492307443
C,High,406.8728602623326,6.337309609515813,64.20277457351791
E,High,474.77842721228154,5.196135079077889,91.37145589689638
D,High,429.1864133454309,7.591743563726029,56.53331276837625
E,No,203.10502844363185,3.5623352247825393,57.014574886345876
A,High,612.1865384176301,6.490010625754563,94.32750941705186
E,No,339.08854613902906,4.610605407766637,73.54534082830621
E,High,535.8870296166724,4.871623645783004,110.0017301378667
B,High,811.112400462496,5.183504968896746,156.47952598280864
B,Low,362.0923112620365,5.504480792853355,65.78137428186736
B,Low,120.45687158805055,4.767541913756084,25.266033055837198
E,Low,457.0993667179834,5.429426366341053,84.18925607900405
C,Low,665.1439452497857,8.156236115124369,81.55035433763229
E,Low,793.7521181330891,6.970899371230437,113.86652939059476
C,High,315.5675608321375,6.738309184993793,46.831861253102794
C,No,574.5048834854782,4.088920947952259,140.502810105241
B,No,430.203431482992,3.2215183435433516,133.54058105713307
D,Low,484.1077468543796,6.9106011164755055,70.0529141669344
A,High,896.6515020525552,6.752093585059589,132.79607143428566
B,Low,274.554450740727,7.945341351501964,34.55540027727393
B,High,538.0609492241861,3.792038748061541,141.89226033073592
D,High,570.153975764815,4.540902689279306,125.55961111232381
A,High,662.8679487409021,1.7210316749491317,385.1573206870201
E,Low,514.6974730206343,4.215057787878254,122.10923287951388
E,No,546.2075809256154,6.993141021158895,78.10618708717224
B,Low,441.2527148867313,4.067009241543604,108.49562631415536
A,Low,540.3690411867661,6.280959590401648,86.03287975495655
B,Low,448.52115867538845,4.618993788004377,97.10365054835259
C,High,593.2357834784076,5.648114056443121,105.03254317282602
B,High,444.5584495934549,2.7046172203686654,164.37019118470943
B,No,556.565059085328,5.170418899267802,107.64409420755923
E,High,495.61057794725326,0.1,4956.105779472532
E,No,668.9075376158253,4.62620768367603,144.59090109078386
E,Low,492.2909414617271,1.7390535125697197,283.0798120376936
C,Low,234.0451297689678,7.411989033093632,31.576561800615824
E,Low,689.2882251070987,6.554814705529022,105.15754541858831
A,Low,364.14015487060715,5.933341963932162,61.371846942946654
D,No,401.935049202677,8.04201245431876,49.97941143287187
A,No,410.6508058934762,3.1021669583503257,132.3754689566588
A,Low,706.1657139756226,8.494726395831115,83.12989507492337
E,High,179.64886790319565,6.864383128520769,26.17115981722728
D,Low,970.662280048999,4.526889425562108,214.42146887174542
D,No,658.4085213599078,7.271240294365889,90.54968543263173
D,High,533.485837119374,2.7874129751767316,191.39102883940228
C,Low,491.765899907557,3.3509716769446527,146.75322483057784
E,Low,542.8331112286486,3.782820553520599,143.49956693648716
D,Low,578.1683642569008,3.9420445838719695,146.66712969770882
C,High,596.7823378925085,2.8868847144794945,206.72191546107805
B,Low,583.3406699005172,7.4461661341906495,78.34107638587125
B,No,513.4371021882873,4.482291199260336,114.5479129675944
C,High,470.3992369539011,5.7050099367137594,82.45371036546587
C,High,477.30900745197323,3.859297267172639,123.67769943818159
E,No,470.7637579470979,1.3587933989029657,346.4572011662504
E,High,670.0655145300597,5.540114716782844,120.9479494170417
B,No,589.0335083421293,1.1754900491604463,501.0961247718144
D,Low,58.94170480035797,4.862731907829063,12.12110926894017
B,High,598.3851164794642,2.263369922334379,264.37795721094756
D,No,529.2104292078162,8.974551998461616,58.967893806680436
D,Low,497.1936865331154,6.822725444349444,72.87317811460366
E,Low,441.72223203666715,5.211507582542961,84.75901167568259
A,High,668.616907997902,7.527413355309337,88.82425827277096
A,Low,642.1289693184287,3.3073680450685283,194.1510471675141
C,High,384.06834982645864,6.086958757340186,63.0969200117079
E,High,561.0578430686803,5.399620867437427,103.90689584377232
D,No,354.2514898188071,5.52804016266734,64.08265486404804
A,High,293.0572752816604,7.544707000213536,38.84276424165525
D,Low,405.9924163115052,6.464984205559604,62.79867102573421
A,High,629.3590208574138,5.577447325650047,112.83997572923067
A,Low,642.968756806413,1.6902251275434077,380.40421144425363
A,High,576.962813014594,3.0799074094410726,187.33122016784867
E,No,608.7643680271996,4.754582132808552,128.03740707863213
B,Low,577.4267430672437,5.186744748553302,111.32738761210503
D,High,403.77776071655717,2.7395925506521523,147.38606316491808
E,High,564.7883817010911,9.823353351156843,57.494458512436495
E,High,620.0614287841523,8.032788110507145,77.19130895200536
E,Low,613.1436994720361,6.204236640784967,98.82661396913778
E,High,678.3370057211964,5.144073722567489,131.86766798175427
E,No,606.2455770801596,4.575582060197696,132.49583749219562
C,Low,552.7172311312374,3.096163079955529,178.5168341776029
D,High,660.5225357474641,5.154961037037725,128.13337113543545
E,Low,496.021811112641,5.515505080285501,89.93225532247452
D,Low,367.71880231584237,2.5164788490367513,146.12433657314324
C,High,475.5399554084354,5.668352834489795,83.89385228720302
C,High,388.26460327903266,4.6894819023505026,82.79477591851315
D,High,398.72325875384274,1.184384884245218,336.6500738549531
A,Low,478.3221993926723,3.279229978440996,145.8641823041869
B,Low,381.1370118500058,4.172788933156712,91.33867491392046
A,Low,453.805770554144,8.775375314680382,51.713545493030864
A,No,215.95779995693215,6.113106249067516,35.3270156215384
A,No,531.9940561059408,2.3290368618002173,228.4180490362607
E,Low,500.1808213043336,5.972072578835274,83.753305858497
C,No,377.4367053397714,1.905392022123269,198.08874024736164
A,High,598.8868502648608,7.165382107774146,83.58058806313944
C,High,640.6355206439838,4.057750696364243,157.87946785838645
D,High,258.86602034465386,4.812727622521658,53.78779782451504
B,High,385.59128321506785,7.65159329508438,50.3935936405276
D,Low,384.62864753190524,2.4256728628315,158.56575444510943
D,No,359.01453483367027,2.2057636297740175,162.76201583324303
E,High,624.4212262897622,3.8328013473079903,162.91510300379414
B,High,470.92607918407947,7.076757702038633,66.54545754031082
D,Low,460.3227738034084,1.9613078490463152,234.70194851218287
D,No,199.42064533898696,0.1,1994.2064533898695
B,High,595.3127045313839,4.097682283182002,145.2803471305495
B,Low,314.1112407719791,6.103481599821841,51.46427258519923
D,High,508.98989453994926,7.400523499477659,68.777552638793
B,High,541.6065406937288,4.073677275829202,132.95273631696415
D,No,704.0987893757977,4.177146785767995,168.55974316601484
D,No,303.67694013213315,7.307801468511494,41.55517106487408
E,High,47.073176626876204,1.2605166006091588,37.344352786887185
A,No,527.5774317130542,4.222958449633982,124.9307654823791
D,Low,770.076677226628,5.380847779850115,143.1143769036482
C,No,685.8419529409156,5.898437442570069,116.27519315388048
A,Low,531.4489122911939,3.9803866136182346,133.51690774783768
A,Low,426.2545721551929,5.068882023411683,84.09242317861172
A,Low,621.0683894955965,0.1,6210.683894955965
E,Low,353.9680700443297,3.6835031753323033,96.09549746414888
D,High,571.4536654034329,5.9070174251089345,96.74148970246087
E,High,575.820523874994,3.035411931490641,189.70094895562264
D,High,659.031486124832,5.117968443179195,128.76818085956248
E,Low,913.9490058366616,5.893745001605396,155.07101267321733
E,High,558.862395076815,4.31490159828447,129.5191517922469
C,Low,423.6554561438752,5.340927541993142,79.32244967056309
E,No,496.16385317120086,3.0745348694307753,161.37850902405327
B,High,234.63861426663226,4.586777440607907,51.155439151966895
C,Low,395.79303033664127,6.220432339178445,63.627897347873905
E,Low,438.6076342830344,5.3139459219368685,82.53897211719595
A,No,421.3867403098111,3.826937460872129,110.1106941564131
B,High,522.8532308050583,5.448432808581586,95.96396783705127
B,Low,376.6370101426699,6.429219581273236,58.58207289104304
B,No,668.1546000986707,0.900117442845044,742.2971362345814
C,No,500.03105973772955,7.318148129911796,68.32754009090498
E,Low,498.60495182920783,4.327490522637856,115.21803438295673
E,Low,450.8157925230623,5.85097986648046,77.0496229367888
A,Low,523.2786025788469,7.394493847290455,70.76597984736851
A,No,623.7647397001452,2.256652605539068,276.41150355579015
B,Low,369.930467643365,3.581117995144907,103.30027330707824
A,High,401.2825266387115,4.422902608248591,90.72832078425844
C,No,454.4410956835003,3.432492957751143,132.39389017748638
E,Low,298.11936147901775,8.469873151673617,35.197618209915035
B,Low,377.11132104177534,3.2864558123464143,114.74711439145474
A,High,428.56686896830115,3.8889064410262666,110.2024117749678
C,Low,631.1583771069091,5.408778063205953,116.69149107826429
C,High,539.3841993502888,2.5957009478478223,207.79905319890923
A,Low,529.0384867051316,4.2086385764874725,125.7029980337886
E,High,627.6346943251958,5.6349065225003505,111.38333738439701
A,Low,479.3942317400905,4.334279191234978,110.60529573395927
B,No,558.5697274893334,4.8132262822001035,116.04892326691397
A,High,484.5167370601256,3.9413357751032585,122.93211355417486
C,No,539.8043524099443,1.971059381638466,273.8650887124596
A,Low,412.58620135826266,5.643186422678477,73.11227566400918
E,No,134.17742625853566,8.509866143294483,15.767278121555815
D,Low,479.85812567205437,5.0368032615668765,95.27037304267816
A,Low,713.412220414991,5.450528234495099,130.88863862771584
E,Low,638.9323103362389,6.385445510233719,100.06072549084406
E,No,644.8096226886756,2.4613390069066017,261.9751366550149
C,Low,685.4196082709327,8.405029316259212,81.54874688479842
E,High,513.2986386442157,5.404657592845604,94.97338727317211
E,Low,529.5973561108393,8.263713798178218,64.08708832917132
E,No,407.35221568484747,3.5339340089520213,115.26876694724888
E,Low,452.5890715959425,8.63612384511565,52.406505477791896
B,Low,592.3656724656712,6.550310988069566,90.43321355956667
B,Low,680.5826655753224,6.106080171704717,111.45983125624683
C,No,479.08305864785007,5.468048908706296,87.61499149816456
A,High,432.4716102722883,4.5029427638511015,96.04199585748694
E,Low,500.0791938284896,7.401063316947745,67.56856040987446
A,High,590.1810123393673,5.280719739696094,111.76147219154112
A,High,283.42177757996876,1.0658605928256955,265.9088622730589
C,High,155.5728570294143,2.765627076585995,56.25229024784495
E,High,417.4194725762625,4.6283084956145055,90.18834266812226
E,Low,316.89313611287616,5.61999796633111,56.38669942789192
D,High,423.77897035290334,4.8868230222002085,86.71870628990041
A,Low,477.8329521773793,7.437941579587326,64.2426331350522
A,High,432.012738646548,1.0977962719227503,393.5272415253272
B,High,717.8701301706118,5.28717587301032,135.77572364012988
D,High,549.011714690348,1.3640415492256905,402.4889967625979
B,High,545.0711539416243,6.519424590968336,83.60724882020061
B,Low,593.3310716065102,4.811082571115994,123.32589658066901
B,Low,329.1750323328846,5.839219944048236,56.373117554580915
C,Low,655.8667681130403,3.2722340788204676,200.43393972275314
C,Low,488.635357019681,7.558929863315502,64.6434569251785
B,High,600.5720925861818,7.083449328117703,84.78525994422168
D,No,339.22141504397666,6.167088606023775,55.0051145223758
A,Low,266.93618509759034,4.740965506273119,56.304182079449326
D,Low,622.6834487037543,6.159714570590264,101.08965952363677
E,High,556.4614289146275,3.586214864025302,155.16678448263258
C,High,364.6922668463734,6.711111318041424,54.34156126511778
A,High,369.55053780879587,8.298961788647842,44.5297312146086
A,High,668.8152176622154,7.141221119958372,93.65558164737436
E,Low,321.5882160699008,3.540795060385181,90.82373042932262
E,Low,746.4009429883945,5.722834634546206,130.4250411994616
B,Low,364.9068898028197,2.4137169124827045,151.18048347578724
C,Low,595.7587888412575,6.144780622351352,96.9536303174458
C,No,450.7072286376523,5.901206825725078,76.37543335591769
D,Low,590.4781146623515,1.2603673209356718,468.49684600199896
B,No,418.3828996828711,2.6764323121752724,156.32112113563227
B,High,475.58106408915586,4.433722206512465,107.26451544271299
B,High,506.13787630935815,4.398280505718348,115.07630667287178
B,High,349.6718816327791,2.5810461291623894,135.47680441738402
C,Low,611.1236518130189,5.777957458704368,105.76811203280397
C,No,423.0179650292622,5.502947217881024,76.87116526481066
B,High,465.7100126989972,4.611461736042961,100.98967298352069
D,No,350.84759380872316,3.488416999683274,100.57501549859948
A,High,115.6499511807034,7.097414252833127,16.2946598663786
A,No,471.34583560997464,8.310814226176591,56.71476016457877
D,High,861.8923132419374,4.032877032306926,213.7164873457372
B,High,617.6906431847036,3.7756661656903585,163.59779071510218
C,Low,497.1109430398408,5.982415330823993,83.0953579031048
A,High,460.5663756187598,4.283941240506028,107.50996565124613
E,High,503.36988392180695,4.7212055986735315,106.61892887342877
E,High,582.0678672762815,6.479306303449343,89.83490516051233
D,No,322.8780777036733,1.1812878249854144,273.3271865454636
B,Low,667.1482542003308,7.636604649705339,87.3618950833173
A,High,607.3071973161866,5.145361048658683,118.03004523356088
B,Low,607.7278588561902,4.17701371087564,145.49338377172586
A,Low,565.7713608214591,4.8215316915571025,117.3426614227531
D,High,502.9424986540985,4.924858710041037,102.12323403891268
D,Low,600.929185395023,1.5375973931101492,390.8234939053217
E,High,588.7721200612067,7.989876454906472,73.6897652152869
B,High,446.8938933588464,5.082651264541237,87.92535039273116
E,Low,413.9597340654649,5.88600426089475,70.32949955808179
B,High,515.278444289298,6.9030995411480855,74.64450443135284
E,Low,732.3530227242782,2.9576750848793996,247.6110464155802
C,Low,314.13393865191483,5.946943798070457,52.822752209939935
C,High,279.87121013713397,4.464717818202413,62.68508370139636
C,Low,524.7141261854775,6.693541550432988,78.39110614791585
C,High,507.6331552784027,0.7455451592970093,680.8885403495357
A,No,526.0012496555612,4.801811399517462,109.54225518070525
C,Low,536.592979686275,3.7943586884320766,141.4186226837739
D,No,466.5196618047792,5.864525901268311,79.54942473762215
D,Low,723.4795157903123,5.940088374736404,121.796086210993
A,High,259.86440322852263,3.584748210355948,72.49167528079172
C,Low,375.7254462829631,3.575652271647913,105.07885491611361
C,No,484.5117859776429,4.778669262885341,101.39052512813926
C,Low,253.5216783268749,3.2067155453695837,79.05960935417356
E,No,473.62183933518935,6.683967390904254,70.85938809032916
B,No,749.2205248592027,4.261585599105108,175.80792581440386
E,High,503.1329732443943,0.1,5031.329732443943
B,High,534.6051358578026,4.250355886756388,125.77891124918966
C,Low,310.97528522411295,2.9229123583120553,106.39227150953552
C,Low,407.54578879407836,1.737448369078109,234.56569763297333
E,No,443.72054295140947,2.525146723554855,175.72069726180024
E,No,452.3427354865649,5.21881694366594,86.67534047837636
B,High,692.2465692505652,7.657281656496462,90.40369680841779
D,High,583.6536591087687,5.62636894772996,103.73540457993823
B,Low,333.2813064594452,3.786993223568521,88.00683993445094
E,High,536.9757167648007,5.911808390341405,90.83104209569798
E,No,574.7332622745178,4.081819379562017,140.8032077931354
A,Low,671.02235577819,3.610799261673711,185.83762406862562
E,Low,737.081102985256,2.691274663534031,273.87806713765974
A,High,347.73587122581966,1.4963423864965617,232.39057742659134
D,Low,378.3713733184493,4.22015258688111,89.65822100714217
B,Low,311.36332116280755,5.316106979840264,58.56979973193904
B,Low,464.8970211339528,4.80675265997022,96.71748351138022
A,High,569.9537561669501,4.168066144105283,136.74297299072649
B,Low,648.1001774883653,3.1085078786064377,208.49237087309953
E,No,488.6073464536216,6.216492383369937,78.59855949646469
C,High,452.0228715117734,2.36573616010683,191.07070312158618
A,High,522.763698837311,6.552055827686951,79.78620948684139
B,High,374.72856475549656,2.9955659621465505,125.09441270556269
A,Low,813.430808254216,3.49512952529393,232.73266480326188
A,Low,258.85084593229124,2.066429618768646,125.26477726666371
C,Low,527.7110868343586,3.9971957062287267,132.0203276542202
E,High,803.540932884446,6.950624916955958,115.60700548294851
A,High,501.0199766839997,6.031256176887913,83.07058463275598
B,Low,471.49414474977584,6.95684422405607,67.77414148780224
D,Low,446.3831865784359,6.044285091867872,73.85210654259355
A,No,472.94124773563885,2.7926603429392616,169.35151062369098
A,High,705.9272712014795,4.338421551344886,162.71523245191472
C,Low,168.22071330057395,3.439601741765075,48.90703224677674
E,Low,730.0150551944488,7.661149808078081,95.2879232859675
D,Low,286.40642713247826,2.606422707147377,109.88487260607792
B,Low,460.0021506148378,6.787395378778221,67.77300053170637
D,Low,435.61333695520074,6.785907740217539,64.1938195495178
B,No,588.282990465608,8.659240403432175,67.93702023013893
E,High,260.2813472174379,4.1806268147410055,62.258928804570324
B,High,569.3258999122914,6.424644319160324,88.61594068552267
C,Low,803.6464434930278,9.563303673077685,84.03439553586783
C,Low,295.5238993110784,3.764716646132607,78.49831131770893
C,High,528.4559251415593,1.9299195049352806,273.82278058238546
C,High,400.7026733305087,1.2399799321844727,323.152547013072
D,High,563.8830809289553,6.425424057722663,87.75811150568795
E,No,502.87216661236283,1.2336995838828324,407.61314438452615
B,High,403.77696364335355,4.255361894124154,94.88663330864827
B,High,573.1808427306611,5.874626374077922,97.56890161727557
C,High,770.6522164680115,5.370351073659828,143.50127317520446
C,High,471.3644312409052,5.850889728368345,80.56286361977908
A,High,607.9636913222273,5.444579711601708,111.66402615554215
E,Low,306.00905631932545,7.557731626626786,40.48953726290296
D,High,356.5345434772987,3.095367238522406,115.18327746063916
B,No,570.8609416820566,3.6460097230829374,156.57142603540746
A,High,722.6174042803948,3.454681109458352,209.17050847384624
A,Low,553.3420023178489,6.66038362372522,83.07959925112529
B,No,453.04129542152685,6.800797176790127,66.61591040645554
D,Low,499.8937108135031,5.902450638637016,84.69256947974031
A,Low,312.43883990454236,7.366987333779855,42.41066609031839
A,High,590.677298953305,2.6439182652472386,223.40981819196648
E,High,632.3499593485113,8.334448223102275,75.87184447264298
D,Low,432.18645007503795,8.046477243424516,53.71126233262084
A,No,429.49367783607477,6.471243994491493,66.36956946789087
D,Low,539.8817344478073,8.56359781754212,63.04379840700661
B,Low,434.4920395939107,1.6867535846444524,257.5907017772821
C,Low,490.08010780612665,3.9511037274746963,124.03625457825069
A,Low,814.9582683749773,3.5293930786360956,230.90606521218402
E,High,462.9461448881005,6.442958647514686,71.85303681355737
B,Low,446.24897719681667,2.899718520795709,153.89389487168634
D,No,402.8687291547261,6.514990298674971,61.8371955575532
B,High,611.6287957249905,7.741072287993427,79.01086218683685
A,Low,472.81637401728455,6.390405800167999,73.9884740973499
D,High,402.5940442517861,5.567502047323003,72.31143173900827
C,Low,698.1956048409518,3.0242533181985016,230.8654505360204
B,High,712.9404506770456,3.306298067749271,215.63102783481727
A,Low,409.93646513919424,7.499237810593334,54.66375056944092
E,Low,220.01900729590756,6.558698007810665,33.546140870320585
D,High,651.1270534755383,4.921960961244912,132.29017023955606
B,Low,397.3055261359994,4.164180908468219,95.41024630511238
B,Low,618.5938398744153,0.9483842537772462,652.2607660456885
C,No,204.4844273432247,2.8582951626311224,71.5406967120192
C,High,633.8896007448964,8.822838174279447,71.84644988648061
E,High,318.32421060788283,2.4390888579950665,130.50947675171852
E,High,609.6146178599787,5.378959642442162,113.33318306571282
A,No,502.1409601754651,7.014887946390397,71.5821783630697
A,No,356.90908709050325,2.490154663995415,143.32808007910967
E,Low,438.9445530609829,5.3694209495621665,81.74895527548
E,No,602.9477685435052,6.87583107502131,87.69089321200877
D,Low,515.8841679672852,5.0249986438145005,102.66354372101384
C,Low,587.6619470708727,10.736806111333536,54.73340404746153
A,High,796.4660876773228,1.6628014822436095,478.9904845421807
C,Low,265.3637582433423,7.117457059767758,37.283506737728196
C,High,742.5818862452936,4.654396525207071,159.544181984421
E,No,515.6533906284819,6.54384030967335,78.79981268281009
D,Low,365.18239275153076,5.8826143033984915,62.078248533234344
B,Low,300.4529561391515,3.533687605780007,85.02533037943267
D,High,471.631941383445,5.45799278491868,86.41124310142743
D,High,638.2475167886689,1.2841970972034256,497.0012143607627
C,High,480.8676319433699,6.2064950011427875,77.47813087013344
D,High,726.6732395371021,5.596316931981051,129.84847862786526
A,High,282.32364649226616,6.277320337286205,44.97518548086708
C,No,498.1866578230918,7.116236650174301,70.00703915754256
A,Low,312.14098333803213,5.735239680419422,54.425098292527686
B,High,554.5447823937452,5.296178839596553,104.7065817052335
C,High,633.033108514595,3.2378633266774157,195.5095211397301
B,Low,436.88573094784203,3.575558472701898,122.18671133007818
C,Low,109.36792150592987,7.3734692403546624,14.832627348245273
E,Low,529.8422220194742,7.8726708114119575,67.30145775324847
D,No,565.5107827600265,4.523779127375892,125.00848667385364
E,Low,560.6442132442546,5.092005494506548,110.10282959221061
B,No,685.3673287733232,3.190771250012468,214.79676074260888
D,No,339.3419480526427,7.34551369053489,46.19717045656099
C,High,602.0324158175674,6.330833647383558,95.09528276207017
D,No,678.8761268716962,8.882434872927497,76.42905763833092
A,High,233.2118623990225,3.243353845640522,71.90453878860265
D,No,547.9477738878466,4.243984201963565,129.1116431664207
A,High,424.3730253488493,5.462891845051145,77.68285321871977
D,No,487.77159903475314,6.292979075451541,77.51044349368888
A,No,552.1514725307504,4.568664724904735,120.8562032404914
B,No,426.91571538296716,3.254077819092599,131.19407067591663
E,Low,398.64378812575825,6.762815057847142,58.946427592042056
C,High,505.1228626232037,6.442270725091163,78.40758083261952
D,High,336.9131091705796,3.16745179887255,106.3672411022966
E,Low,337.1262306672222,7.7108856022109915,43.7208186009861
C,High,601.9059924434755,7.3403974183932075,81.99910142947424
C,Low,327.6808947262016,5.268592994495585,62.195143004697734
A,High,599.9468751363818,5.159195724752073,116.28689957584666
B,No,569.3886939280927,6.108115542231815,93.21838953296003
B,Low,241.12899068141047,3.276593859487484,73.59135767871066
E,No,398.3653021496517,5.060062958328165,78.72734102922523
B,High,679.1164104571059,0.6952329107816393,976.8185595437162
D,No,352.82517032904775,6.752911291005871,52.24786097797134
B,No,430.3393606535918,1.8770135551162812,229.26811555547465
E,Low,569.3091339877844,8.006839656857998,71.10285185992967
B,Low,617.5085763923893,4.3397598120671,142.29095690396278
D,Low,462.2691670933256,4.576666036137646,101.00565858273661
A,High,410.37347079625374,3.7445321878309885,109.59272085572901
E,Low,713.3554792547761,4.4239222521558474,161.24955155058313
A,High,760.8349495696368,7.837062690296073,97.08164648366409
A,High,646.8287076172693,0.1,6468.287076172693
A,High,512.7977213847536,7.5539307721763755,67.88488494937724
C,High,378.76014175386103,5.676046962203416,66.72956447964765
C,High,375.4333390165152,2.585956704285569,145.18160276787677
A,High,578.3771157898636,2.8493752139015243,202.98383763853874
E,No,562.7597331333026,8.352786054416406,67.37389530475907
D,Low,710.2397889419644,3.108986240114538,228.4473889841978
D,No,597.5675138804208,2.6932989788080812,221.8719565047599
B,Low,274.5379547360273,7.274629084729458,37.73910003361186
E,High,657.7921426584378,5.677105752571828,115.86751618295052
C,Low,350.29090590283806,3.124148846927202,112.1236288877117
A,Low,442.40430920714726,5.433249950809238,81.4253555813781
B,High,537.5300309377542,2.9484946327194455,182.30659977223067
D,Low,799.3501234675946,7.20164279684521,110.99552505127888
C,High,966.4877834008041,7.122741929746267,135.6904114923104
C,Low,591.0084588704274,6.064012397643886,97.46161783904962
A,Low,472.5205071919418,5.723322122494033,82.56052989483547
D,High,580.1758472720826,8.522376249734748,68.07676993727425
E,High,633.1483138810754,4.999372654776451,126.64555287275077
C,Low,451.8998561664213,2.6362517491583977,171.41756522710196
A,Low,769.2817033868483,5.898947825664614,130.40998600461026
E,High,534.5106138787103,9.172094099074227,58.27574467783321
D,No,574.6614633637091,2.9704810136282958,193.4573763397964
C,High,599.8886378081692,4.277074466612029,140.2567672111061
E,Low,563.2379915921683,5.8328920762029055,96.56238864594677
E,No,625.8410750704418,4.892190301988522,127.92655976936487
E,High,407.41202201796153,3.035392839245371,134.22052551169892
C,High,416.2547369080954,7.243715712460942,57.46425638875318
C,High,334.97686505424576,9.640081444034518,34.74834388059412
B,High,565.9251845930339,5.392262918047814,104.95133364118648
D,High,616.8404755268172,3.1918634205279997,193.25403197383022
A,Low,568.6659299227829,1.90207894989305,298.97072882004073
E,High,751.1738650021306,5.515951962442362,136.18208971303744
B,Low,499.16059717564303,7.207754686632516,69.25327218771541
A,No,600.3112483388769,5.950335492990764,100.88695823050944
B,No,336.24486857910284,4.995192318162292,67.31369828475508
C,Low,441.9350446288398,3.8214566964213876,115.64570260411192
E,High,604.3306636348666,2.8156727345638206,214.63100317604355
A,Low,627.3653166114716,6.669502652649764,94.06478253100659
A,Low,455.9049578503727,6.8275432427711715,66.77437866586538
A,Low,489.26011222129,1.9085404266185337,256.3530252739467
A,High,272.3189379978786,8.179677956361367,33.29213441540142
A,No,446.4456198790086,6.148142441788003,72.61471641329983
B,Low,633.557474527968,7.7991892902915865,81.23376045207915
E,High,586.2807524159849,2.31574450302977,253.17160491968488
C,High,575.0998582071815,2.268351689169122,253.53205190939136
C,Low,507.466053077144,4.702061380465406,107.92416602331028
C,No,501.05947379422645,6.005568853790388,83.43247508984682
C,Low,400.95182907898294,8.592721645853928,46.661796530142006
B,Low,604.8242630303803,6.4121578276302635,94.32460636326925
D,High,563.1459416584084,4.514637446375933,124.73779973416616
E,Low,573.8028271989199,2.9472615846682158,194.6901592257258
A,Low,421.09477359986295,7.4600011454383,56.44701192269351
D,High,176.99856201931334,3.0705891484985703,57.643192709731466
C,High,664.5729067630543,8.256937109544644,80.48661361303554
D,Low,428.1743815987394,4.431230700786982,96.62651541087583
E,High,370.58363539353195,8.181164145235702,45.297176393819356
A,Low,604.021836787099,6.357862580118557,95.00391510126595
A,High,441.19810401213056,4.726009021115083,93.35532413097924
E,High,658.9904576069932,3.9612072563477465,166.36101444855623
E,High,592.5508924365047,4.31818424530784,137.2222348039858
C,No,602.5353984800716,5.8566333847504755,102.88084619552176
A,No,295.10664331991984,5.154312992435433,57.25431182643039
D,No,681.7915978079601,3.8123771838625897,178.83634407789333
B,Low,539.1875796850784,4.668737179364736,115.48895535782641
B,High,444.6084291130695,5.1571540594383,86.21197350103883
E,Low,521.5082701013376,0.7425318111703758,702.3379500459897
C,Low,233.56471506525202,5.916336229577397,39.47793127402016
B,No,561.2979217221007,3.0405575505663864,184.6036170627797
A,High,345.59427377268923,2.69333519358851,128.3146169832025
E,Low,297.09945712346985,1.6253113057785793,182.79541652554317
D,High,271.64612206731636,1.4122150042642194,192.35464943161907
E,High,666.9032562484888,2.2891049937754215,291.33799369707594
D,Low,405.6104909460817,3.581958084739019,113.237084675611
E,Low,730.0591564874749,8.906518275053136,81.96908533072306
E,High,419.62978054215534,3.948240648209592,106.28272639167645
E,High,243.896306361058,5.355500212536063,45.541274704863184
D,Low,332.52133400770117,5.800962773012658,57.32174934041343
D,Low,685.3717430010408,5.262130372431697,130.24605900904768
E,No,476.61527330949986,4.845113078548013,98.37030954339095
B,No,417.75690552640987,2.6094124728015107,160.09615569818243
C,Low,524.0027338779181,7.901855096558424,66.31388800158363
C,High,575.2674104251317,8.614393287275771,66.77979414694859
C,Low,667.6098223853692,1.6346826117546285,408.4033301539637
D,Low,717.2748844839389,2.951942818227241,242.9840036382178
D,High,446.0347031316371,4.440379315245988,100.44968491772369
B,No,301.0928470876943,3.070924410179617,98.04632314934885
C,High,437.9802258315086,6.011931106911731,72.85183712900108
C,No,539.0420759874329,3.543455595186774,152.12327670188293
E,Low,355.4361610684084,9.330112135613206,38.09559369728282
D,Low,356.42736276574357,7.381097188687193,48.28921143485688
C,Low,551.5681822324829,5.42514806126443,101.66877954367384
B,No,492.7021472644323,7.053972526639464,69.84747181871393
B,Low,504.91954931173797,7.211800848714618,70.01296346137059
C,Low,386.22569979498957,3.8721050238835133,99.74566738575338
D,High,465.4398928691349,3.3675655109160703,138.21257266128802
B,Low,361.3650283597543,5.156286125939295,70.082423576509
E,High,633.529761668718,6.7232722489958885,94.22937792878086
B,Low,655.2874002085629,5.278120797306835,124.15164892454219
A,Low,223.07182066428595,1.8460070356180056,120.8401790243481
A,Low,360.5733709711385,3.3943511120983154,106.2274817964367
D,High,275.52061173648815,4.852054272811244,56.78432190678147
C,High,402.4964098389653,4.84866879134834,83.01173521217919
